{
  "xgb_default": {
    "threshold": 0.5,
    "acc": 0.7688333333333334,
    "prec": 0.4816849816849817,
    "rec": 0.5945742275810098,
    "f1": 0.5322091062394604,
    "auc": 0.7733872100480707,
    "prauc": 0.5541995681702343,
    "recall_topk": 0.5056518462697814,
    "confusion_matrix": [
      [
        3824,
        849
      ],
      [
        538,
        789
      ]
    ]
  }
}