{
  "dt_default": {
    "threshold": 0.5,
    "acc": 0.7788333333333334,
    "prec": 0.0,
    "rec": 0.0,
    "f1": 0.0,
    "auc": 0.6900649097551053,
    "prauc": 0.4269681269298408,
    "recall_topk": 0.42275810097965333,
    "confusion_matrix": [
      [
        4673,
        0
      ],
      [
        1327,
        0
      ]
    ]
  },
  "dt_tuned_best_f1": {
    "threshold": 0.25226570411281096,
    "f1": 0.4557044785877738,
    "precision": 0.40242494226327946,
    "recall": 0.5252449133383572,
    "acc": 0.7225,
    "prec": 0.40242494226327946,
    "rec": 0.5252449133383572,
    "auc": 0.6900649097551053,
    "prauc": 0.4269681269298408,
    "recall_topk": 0.42275810097965333,
    "confusion_matrix": [
      [
        3638,
        1035
      ],
      [
        630,
        697
      ]
    ]
  }
}