{
  "lr_default": {
    "threshold": 0.5,
    "acc": 0.6793333333333333,
    "prec": 0.3669193045028979,
    "rec": 0.6201959306706858,
    "f1": 0.46106442577030815,
    "auc": 0.7083424782589975,
    "prauc": 0.49078429981325855,
    "recall_topk": 0.47324792765636775,
    "confusion_matrix": [
      [
        3253,
        1420
      ],
      [
        504,
        823
      ]
    ]
  },
  "lr_tuned_best_f1": {
    "threshold": 0.6038916086425825,
    "f1": 0.4983164983164983,
    "precision": 0.5643469971401335,
    "recall": 0.4461190655614167,
    "acc": 0.8013333333333333,
    "prec": 0.5643469971401335,
    "rec": 0.4461190655614167,
    "auc": 0.7083424782589975,
    "prauc": 0.49078429981325855,
    "recall_topk": 0.47324792765636775,
    "confusion_matrix": [
      [
        4216,
        457
      ],
      [
        735,
        592
      ]
    ]
  }
}