{
  "lgb_default": {
    "threshold": 0.5,
    "acc": 0.7751666666666667,
    "prec": 0.49267643142476697,
    "rec": 0.557648831951771,
    "f1": 0.5231530576175327,
    "auc": 0.7687613962168792,
    "prauc": 0.5410095472670905,
    "recall_topk": 0.49284099472494347,
    "confusion_matrix": [
      [
        3911,
        762
      ],
      [
        587,
        740
      ]
    ]
  }
}