{
  "cat_default": {
    "threshold": 0.5,
    "acc": 0.7673333333333333,
    "prec": 0.4793041391721656,
    "rec": 0.6021100226073851,
    "f1": 0.5337341349365398,
    "auc": 0.7739467908043627,
    "prauc": 0.5487443174544239,
    "recall_topk": 0.5018839487565938,
    "confusion_matrix": [
      [
        3805,
        868
      ],
      [
        528,
        799
      ]
    ]
  }
}